address,X,Y,space
인천광역시 연수구 송도동 10-22번지,126.64098450,37.38122790,"17"
인천광역시 연수구 송도동 10-29번지,126.63926560,37.38190332,"0"
인천광역시 연수구 송도동 10-2번지,126.63886760,37.38435413,"165"
인천광역시 연수구 송도동 10-40번지,126.63764880,37.38171481,"111"
인천광역시 연수구 송도동 10-42번지,126.63887750,37.37924433,"99"
인천광역시 연수구 송도동 10-42번지,126.63887750,37.37924433,"70"
인천광역시 연수구 송도동 10-42번지,126.63887750,37.37924433,"70"
인천광역시 연수구 송도동 10-42번지,126.63887750,37.37924433,"70"
인천광역시 연수구 송도동 10-42번지,126.63887750,37.37924433,"70"
인천광역시 연수구 송도동 10-43번지,126.63587330,37.38002944,"0"
인천광역시 연수구 송도동 10-43번지,126.63587330,37.38002944,"88"
인천광역시 연수구 송도동 10-43번지,126.63587330,37.38002944,"88"
인천광역시 연수구 송도동 10-45번지,126.63525220,37.37868462,"103"
인천광역시 연수구 송도동 10-75번지,126.63682360,37.37774271,"45"
인천광역시 연수구 송도동 10-76번지,126.63816880,37.37778525,"61"
인천광역시 연수구 송도동 10-76번지,126.63816880,37.37778525,"61"
인천광역시 연수구 송도동 10-79번지,126.63657730,37.37908224,"52"
인천광역시 연수구 송도동 10-81번지,126.63610700,37.38159287,"44"
인천광역시 연수구 송도동 10-82번지,126.63539700,37.38093534,"19"
인천광역시 연수구 송도동 10-83번지,126.63492560,37.38049854,"23"
인천광역시 연수구 송도동 10-83번지,126.63492560,37.38049854,"0"
인천광역시 연수구 송도동 10-84번지,126.63445380,37.38006160,"47"
인천광역시 연수구 송도동 100번지,126.63198130,37.38841744,"5"
인천광역시 연수구 송도동 100번지,126.63198130,37.38841744,"1228"
인천광역시 연수구 송도동 100번지,126.63198130,37.38841744,"1228"
인천광역시 연수구 송도동 100번지,126.63198130,37.38841744,"1228"
인천광역시 연수구 송도동 100번지,126.63198130,37.38841744,"1228"
인천광역시 연수구 송도동 100번지,126.63198130,37.38841744,"1228"
인천광역시 연수구 송도동 100번지,126.63198130,37.38841744,"1228"
인천광역시 연수구 송도동 100번지,126.63198130,37.38841744,"1228"
인천광역시 연수구 송도동 100번지,126.63198130,37.38841744,"1228"
인천광역시 연수구 송도동 100번지,126.63198130,37.38841744,"1228"
인천광역시 연수구 송도동 101번지,126.63354430,37.38732292,"1224"
인천광역시 연수구 송도동 101번지,126.63354430,37.38732292,"1224"
인천광역시 연수구 송도동 101번지,126.63354430,37.38732292,"1224"
인천광역시 연수구 송도동 101번지,126.63354430,37.38732292,"1224"
인천광역시 연수구 송도동 101번지,126.63354430,37.38732292,"1224"
인천광역시 연수구 송도동 101번지,126.63354430,37.38732292,"1224"
인천광역시 연수구 송도동 101번지,126.63354430,37.38732292,"1224"
인천광역시 연수구 송도동 101번지,126.63354430,37.38732292,"1224"
인천광역시 연수구 송도동 101번지,126.63354430,37.38732292,"1224"
인천광역시 연수구 송도동 101번지,126.63354430,37.38732292,"5"
인천광역시 연수구 송도동 102번지,126.63526020,37.38613951,"1228"
인천광역시 연수구 송도동 102번지,126.63526020,37.38613951,"1228"
인천광역시 연수구 송도동 102번지,126.63526020,37.38613951,"1228"
인천광역시 연수구 송도동 102번지,126.63526020,37.38613951,"1228"
인천광역시 연수구 송도동 102번지,126.63526020,37.38613951,"1228"
인천광역시 연수구 송도동 102번지,126.63526020,37.38613951,"1228"
인천광역시 연수구 송도동 102번지,126.63526020,37.38613951,"1228"
인천광역시 연수구 송도동 102번지,126.63526020,37.38613951,"5"
인천광역시 연수구 송도동 102번지,126.63526020,37.38613951,"1228"
인천광역시 연수구 송도동 102번지,126.63526020,37.38613951,"1228"
인천광역시 연수구 송도동 103번지,126.63664420,37.38518434,"0"
인천광역시 연수구 송도동 103번지,126.63664420,37.38518434,"0"
인천광역시 연수구 송도동 103번지,126.63664420,37.38518434,"0"
인천광역시 연수구 송도동 103번지,126.63664420,37.38518434,"0"
인천광역시 연수구 송도동 103번지,126.63664420,37.38518434,"0"
인천광역시 연수구 송도동 103번지,126.63664420,37.38518434,"0"
인천광역시 연수구 송도동 103번지,126.63664420,37.38518434,"0"
인천광역시 연수구 송도동 103번지,126.63664420,37.38518434,"0"
인천광역시 연수구 송도동 103번지,126.63664420,37.38518434,"0"
인천광역시 연수구 송도동 103번지,126.63664420,37.38518434,"0"
인천광역시 연수구 송도동 103번지,126.63664420,37.38518434,"0"
인천광역시 연수구 송도동 103번지,126.63664420,37.38518434,"0"
인천광역시 연수구 송도동 103번지,126.63664420,37.38518434,"0"
인천광역시 연수구 송도동 103번지,126.63664420,37.38518434,"0"
인천광역시 연수구 송도동 103번지,126.63664420,37.38518434,"0"
인천광역시 연수구 송도동 103번지,126.63664420,37.38518434,"0"
인천광역시 연수구 송도동 103번지,126.63664420,37.38518434,"0"
인천광역시 연수구 송도동 105번지,126.63010750,37.38726873,"67"
인천광역시 연수구 송도동 107번지,126.63534270,37.38398159,"65"
인천광역시 연수구 송도동 11-100번지,126.64162120,37.37925332,"39"
인천광역시 연수구 송도동 11-101번지,126.64115220,37.37876839,"0"
인천광역시 연수구 송도동 11-101번지,126.64115220,37.37876839,"0"
인천광역시 연수구 송도동 11-101번지,126.64115220,37.37876839,"0"
인천광역시 연수구 송도동 11-101번지,126.64115220,37.37876839,"0"
인천광역시 연수구 송도동 11-102번지,126.64474720,37.37449681,"0"
인천광역시 연수구 송도동 11-102번지,126.64474720,37.37449681,"0"
인천광역시 연수구 송도동 11-104번지,126.64228090,37.38118852,"255"
인천광역시 연수구 송도동 11-10번지,126.64185430,37.37761067,"7"
인천광역시 연수구 송도동 11-11번지,126.64299230,37.37684238,"134"
인천광역시 연수구 송도동 11-12번지,126.64400960,37.37547060,"90"
인천광역시 연수구 송도동 11-12번지,126.64400960,37.37547060,"90"
인천광역시 연수구 송도동 11-13번지,126.64033700,37.37674300,"0"
인천광역시 연수구 송도동 11-13번지,126.64033700,37.37674300,"0"
인천광역시 연수구 송도동 11-13번지,126.64033700,37.37674300,"0"
인천광역시 연수구 송도동 11-13번지,126.64033700,37.37674300,"0"
인천광역시 연수구 송도동 11-13번지,126.64033700,37.37674300,"0"
인천광역시 연수구 송도동 11-13번지,126.64033700,37.37674300,"0"
인천광역시 연수구 송도동 11-13번지,126.64033700,37.37674300,"0"
인천광역시 연수구 송도동 11-13번지,126.64033700,37.37674300,"0"
인천광역시 연수구 송도동 11-13번지,126.64033700,37.37674300,"0"
인천광역시 연수구 송도동 11-16번지,126.64229220,37.37590291,"13"
인천광역시 연수구 송도동 11-21번지,126.64228640,37.37420203,"11"
인천광역시 연수구 송도동 11-22번지,126.64722370,37.37449706,"33"
인천광역시 연수구 송도동 11-23번지,126.64638060,37.37431199,"42"
인천광역시 연수구 송도동 11-24번지,126.64596810,37.37276362,"0"
인천광역시 연수구 송도동 11-25번지,126.64452080,37.37257331,"24"
인천광역시 연수구 송도동 11-26번지,126.64510980,37.37188313,"0"
인천광역시 연수구 송도동 11-26번지,126.64510980,37.37188313,"0"
인천광역시 연수구 송도동 11-26번지,126.64510980,37.37188313,"0"
인천광역시 연수구 송도동 11-4번지,126.64174410,37.38055646,"0"
인천광역시 연수구 송도동 11-4번지,126.64174410,37.38055646,"60"
인천광역시 연수구 송도동 11-4번지,126.64174410,37.38055646,"0"
인천광역시 연수구 송도동 11-5번지,126.64356420,37.37805859,"76"
인천광역시 연수구 송도동 11-6번지,126.64418500,37.37721933,"0"
인천광역시 연수구 송도동 11-6번지,126.64418500,37.37721933,"0"
인천광역시 연수구 송도동 11-72번지,126.64193950,37.37550048,"20"
인천광역시 연수구 송도동 11-74번지,126.64160560,37.37515447,"15"
인천광역시 연수구 송도동 11-77번지,126.64226530,37.37494790,"26"
인천광역시 연수구 송도동 11-78번지,126.64267750,37.37469782,"12"
인천광역시 연수구 송도동 11-80번지,126.64329360,37.37434196,"45"
인천광역시 연수구 송도동 11-81번지,126.64178600,37.37452548,"22"
인천광역시 연수구 송도동 11-82번지,126.64291490,37.37371401,"68"
인천광역시 연수구 송도동 11-84번지,126.64359250,37.37302952,"0"
인천광역시 연수구 송도동 11-84번지,126.64359250,37.37302952,"0"
인천광역시 연수구 송도동 11-85번지,126.64392350,37.37348736,"37"
인천광역시 연수구 송도동 11-8번지,126.64557970,37.37533998,"78"
인천광역시 연수구 송도동 11-90번지,126.64229600,37.38007355,"93"
인천광역시 연수구 송도동 11-99번지,126.64076520,37.37932816,"28"
인천광역시 연수구 송도동 11-9번지,126.64118240,37.37985551,"40"
인천광역시 연수구 송도동 110번지,126.63013540,37.38408072,"0"
인천광역시 연수구 송도동 110번지,126.63013540,37.38408072,"0"
인천광역시 연수구 송도동 110번지,126.63013540,37.38408072,"0"
인천광역시 연수구 송도동 110번지,126.63013540,37.38408072,"0"
인천광역시 연수구 송도동 110번지,126.63013540,37.38408072,"0"
인천광역시 연수구 송도동 110번지,126.63013540,37.38408072,"0"
인천광역시 연수구 송도동 110번지,126.63013540,37.38408072,"0"
인천광역시 연수구 송도동 110번지,126.63013540,37.38408072,"0"
인천광역시 연수구 송도동 110번지,126.63013540,37.38408072,"0"
인천광역시 연수구 송도동 110번지,126.63013540,37.38408072,"0"
인천광역시 연수구 송도동 110번지,126.63013540,37.38408072,"0"
인천광역시 연수구 송도동 110번지,126.63013540,37.38408072,"0"
인천광역시 연수구 송도동 111번지,126.63176420,37.38296571,"0"
인천광역시 연수구 송도동 111번지,126.63176420,37.38296571,"0"
인천광역시 연수구 송도동 111번지,126.63176420,37.38296571,"0"
인천광역시 연수구 송도동 111번지,126.63176420,37.38296571,"0"
인천광역시 연수구 송도동 111번지,126.63176420,37.38296571,"0"
인천광역시 연수구 송도동 111번지,126.63176420,37.38296571,"0"
인천광역시 연수구 송도동 111번지,126.63176420,37.38296571,"0"
인천광역시 연수구 송도동 111번지,126.63176420,37.38296571,"0"
인천광역시 연수구 송도동 111번지,126.63176420,37.38296571,"0"
인천광역시 연수구 송도동 111번지,126.63176420,37.38296571,"0"
인천광역시 연수구 송도동 111번지,126.63176420,37.38296571,"0"
인천광역시 연수구 송도동 111번지,126.63176420,37.38296571,"0"
인천광역시 연수구 송도동 112번지,126.63324500,37.38199455,"0"
인천광역시 연수구 송도동 112번지,126.63324500,37.38199455,"0"
인천광역시 연수구 송도동 112번지,126.63324500,37.38199455,"0"
인천광역시 연수구 송도동 112번지,126.63324500,37.38199455,"0"
인천광역시 연수구 송도동 112번지,126.63324500,37.38199455,"0"
인천광역시 연수구 송도동 112번지,126.63324500,37.38199455,"0"
인천광역시 연수구 송도동 112번지,126.63324500,37.38199455,"0"
인천광역시 연수구 송도동 112번지,126.63324500,37.38199455,"0"
인천광역시 연수구 송도동 112번지,126.63324500,37.38199455,"0"
인천광역시 연수구 송도동 112번지,126.63324500,37.38199455,"0"
인천광역시 연수구 송도동 112번지,126.63324500,37.38199455,"0"
인천광역시 연수구 송도동 114-1번지,126.62775470,37.38323730,"56"
인천광역시 연수구 송도동 115-5번지,126.63129000,37.38095345,"23"
인천광역시 연수구 송도동 115번지,126.63031220,37.38158378,"106"
인천광역시 연수구 송도동 115번지,126.63031220,37.38158378,"0"
인천광역시 연수구 송도동 115번지,126.63031220,37.38158378,"0"
인천광역시 연수구 송도동 115번지,126.63031220,37.38158378,"0"
인천광역시 연수구 송도동 117-183번지,126.62661930,37.38210302,"0"
인천광역시 연수구 송도동 117번지,126.62177020,37.38356602,"0"
인천광역시 연수구 송도동 117번지,126.62177020,37.38356602,"0"
인천광역시 연수구 송도동 117번지,126.62177020,37.38356602,"270"
인천광역시 연수구 송도동 117번지,126.62177020,37.38356602,"0"
인천광역시 연수구 송도동 117번지,126.62177020,37.38356602,"0"
인천광역시 연수구 송도동 117번지,126.62177020,37.38356602,"0"
인천광역시 연수구 송도동 117번지,126.62177020,37.38356602,"0"
인천광역시 연수구 송도동 118-1번지,126.61686200,37.38027669,"8"
인천광역시 연수구 송도동 12-1번지,126.63221260,37.37495169,"0"
인천광역시 연수구 송도동 12-1번지,126.63221260,37.37495169,"0"
인천광역시 연수구 송도동 12-1번지,126.63221260,37.37495169,"0"
인천광역시 연수구 송도동 12-1번지,126.63221260,37.37495169,"0"
인천광역시 연수구 송도동 12-1번지,126.63221260,37.37495169,"0"
인천광역시 연수구 송도동 12-1번지,126.63221260,37.37495169,"0"
인천광역시 연수구 송도동 12-1번지,126.63221260,37.37495169,"0"
인천광역시 연수구 송도동 12-1번지,126.63221260,37.37495169,"0"
인천광역시 연수구 송도동 12-1번지,126.63221260,37.37495169,"0"
인천광역시 연수구 송도동 12-1번지,126.63221260,37.37495169,"0"
인천광역시 연수구 송도동 12-1번지,126.63221260,37.37495169,"0"
인천광역시 연수구 송도동 12-1번지,126.63221260,37.37495169,"0"
인천광역시 연수구 송도동 12-1번지,126.63221260,37.37495169,"0"
인천광역시 연수구 송도동 12-1번지,126.63221260,37.37495169,"0"
인천광역시 연수구 송도동 12-1번지,126.63221260,37.37495169,"0"
인천광역시 연수구 송도동 12-1번지,126.63221260,37.37495169,"0"
인천광역시 연수구 송도동 12-1번지,126.63221260,37.37495169,"0"
인천광역시 연수구 송도동 12-1번지,126.63221260,37.37495169,"0"
인천광역시 연수구 송도동 12-1번지,126.63221260,37.37495169,"0"
인천광역시 연수구 송도동 12-1번지,126.63221260,37.37495169,"0"
인천광역시 연수구 송도동 12-1번지,126.63221260,37.37495169,"0"
인천광역시 연수구 송도동 12-1번지,126.63221260,37.37495169,"0"
인천광역시 연수구 송도동 12-1번지,126.63221260,37.37495169,"0"
인천광역시 연수구 송도동 12-1번지,126.63221260,37.37495169,"0"
인천광역시 연수구 송도동 12-1번지,126.63221260,37.37495169,"0"
인천광역시 연수구 송도동 12-1번지,126.63221260,37.37495169,"0"
인천광역시 연수구 송도동 12-1번지,126.63221260,37.37495169,"0"
인천광역시 연수구 송도동 12-1번지,126.63221260,37.37495169,"0"
인천광역시 연수구 송도동 12-1번지,126.63221260,37.37495169,"0"
인천광역시 연수구 송도동 12-1번지,126.63221260,37.37495169,"0"
인천광역시 연수구 송도동 12-1번지,126.63221260,37.37495169,"0"
인천광역시 연수구 송도동 12-1번지,126.63221260,37.37495169,"0"
인천광역시 연수구 송도동 12-1번지,126.63221260,37.37495169,"0"
인천광역시 연수구 송도동 12-1번지,126.63221260,37.37495169,"0"
인천광역시 연수구 송도동 12-1번지,126.63221260,37.37495169,"0"
인천광역시 연수구 송도동 12-1번지,126.63221260,37.37495169,"0"
인천광역시 연수구 송도동 12-1번지,126.63221260,37.37495169,"0"
인천광역시 연수구 송도동 12-1번지,126.63221260,37.37495169,"0"
인천광역시 연수구 송도동 12-1번지,126.63221260,37.37495169,"0"
인천광역시 연수구 송도동 12-1번지,126.63221260,37.37495169,"0"
인천광역시 연수구 송도동 12-1번지,126.63221260,37.37495169,"0"
인천광역시 연수구 송도동 12-1번지,126.63221260,37.37495169,"0"
인천광역시 연수구 송도동 12-1번지,126.63221260,37.37495169,"0"
인천광역시 연수구 송도동 12-8번지,126.62938230,37.37178002,"0"
인천광역시 연수구 송도동 12-8번지,126.62938230,37.37178002,"0"
인천광역시 연수구 송도동 13-1번지,126.63910270,37.37349206,"341"
인천광역시 연수구 송도동 13-1번지,126.63910270,37.37349206,"0"
인천광역시 연수구 송도동 13-1번지,126.63910270,37.37349206,"0"
인천광역시 연수구 송도동 13-1번지,126.63910270,37.37349206,"0"
인천광역시 연수구 송도동 13-1번지,126.63910270,37.37349206,"0"
인천광역시 연수구 송도동 13-20번지,126.63698980,37.36727511,"24"
인천광역시 연수구 송도동 13-32번지,126.63601720,37.37350250,"13"
인천광역시 연수구 송도동 13-32번지,126.63601720,37.37350250,"0"
인천광역시 연수구 송도동 13-32번지,126.63601720,37.37350250,"0"
인천광역시 연수구 송도동 13-33번지,126.63508730,37.37227299,"40"
인천광역시 연수구 송도동 13-35번지,126.63689370,37.37274035,"0"
인천광역시 연수구 송도동 13-35번지,126.63689370,37.37274035,"0"
인천광역시 연수구 송도동 13-35번지,126.63689370,37.37274035,"18"
인천광역시 연수구 송도동 13-35번지,126.63689370,37.37274035,"47"
인천광역시 연수구 송도동 13-37번지,126.63730190,37.37056888,"0"
인천광역시 연수구 송도동 13-37번지,126.63730190,37.37056888,"0"
인천광역시 연수구 송도동 13-3번지,126.64100890,37.37224635,"137"
인천광역시 연수구 송도동 13-42번지,126.63667460,37.37177856,"0"
인천광역시 연수구 송도동 13-42번지,126.63667460,37.37177856,"0"
인천광역시 연수구 송도동 13-42번지,126.63667460,37.37177856,"0"
인천광역시 연수구 송도동 13-42번지,126.63667460,37.37177856,"0"
인천광역시 연수구 송도동 13-42번지,126.63667460,37.37177856,"0"
인천광역시 연수구 송도동 13-42번지,126.63667460,37.37177856,"0"
인천광역시 연수구 송도동 13-42번지,126.63667460,37.37177856,"0"
인천광역시 연수구 송도동 13-42번지,126.63667460,37.37177856,"0"
인천광역시 연수구 송도동 13-42번지,126.63667460,37.37177856,"229"
인천광역시 연수구 송도동 13-42번지,126.63667460,37.37177856,"0"
인천광역시 연수구 송도동 13-42번지,126.63667460,37.37177856,"0"
인천광역시 연수구 송도동 13-43번지,126.63865600,37.37174375,"15"
인천광역시 연수구 송도동 13-43번지,126.63865600,37.37174375,"15"
인천광역시 연수구 송도동 13-43번지,126.63865600,37.37174375,"15"
인천광역시 연수구 송도동 13-44번지,126.63794750,37.37121083,"111"
인천광역시 연수구 송도동 13-44번지,126.63794750,37.37121083,"111"
인천광역시 연수구 송도동 13-44번지,126.63794750,37.37121083,"111"
인천광역시 연수구 송도동 13-45번지,126.63881070,37.36729512,"0"
인천광역시 연수구 송도동 13-45번지,126.63881070,37.36729512,"0"
인천광역시 연수구 송도동 13-45번지,126.63881070,37.36729512,"0"
인천광역시 연수구 송도동 13-45번지,126.63881070,37.36729512,"0"
인천광역시 연수구 송도동 13-48번지,126.63580240,37.37302404,"47"
인천광역시 연수구 송도동 13-49번지,126.63543360,37.37262545,"44"
인천광역시 연수구 송도동 13-51번지,126.63643620,37.37324656,"23"
인천광역시 연수구 송도동 13-52번지,126.63475150,37.37189134,"0"
인천광역시 연수구 송도동 13-52번지,126.63475150,37.37189134,"0"
인천광역시 연수구 송도동 13-5번지,126.63892190,37.37040126,"0"
인천광역시 연수구 송도동 13-6번지,126.64236810,37.37027038,"129"
인천광역시 연수구 송도동 13-6번지,126.64236810,37.37027038,"0"
인천광역시 연수구 송도동 13-6번지,126.64236810,37.37027038,"182"
인천광역시 연수구 송도동 13-6번지,126.64236810,37.37027038,"129"
인천광역시 연수구 송도동 13-6번지,126.64236810,37.37027038,"129"
인천광역시 연수구 송도동 13-6번지,126.64236810,37.37027038,"0"
인천광역시 연수구 송도동 13-8번지,126.63998090,37.36813858,"0"
인천광역시 연수구 송도동 13-8번지,126.63998090,37.36813858,"0"
인천광역시 연수구 송도동 13-8번지,126.63998090,37.36813858,"0"
인천광역시 연수구 송도동 13-8번지,126.63998090,37.36813858,"0"
인천광역시 연수구 송도동 13-8번지,126.63998090,37.36813858,"0"
인천광역시 연수구 송도동 13-8번지,126.63998090,37.36813858,"0"
인천광역시 연수구 송도동 13-8번지,126.63998090,37.36813858,"0"
인천광역시 연수구 송도동 13-8번지,126.63998090,37.36813858,"0"
인천광역시 연수구 송도동 13-8번지,126.63998090,37.36813858,"0"
인천광역시 연수구 송도동 13-8번지,126.63998090,37.36813858,"0"
인천광역시 연수구 송도동 13-8번지,126.63998090,37.36813858,"0"
인천광역시 연수구 송도동 146-2번지,126.67750290,37.38817467,"2"
인천광역시 연수구 송도동 147번지,126.67306210,37.38670332,"0"
인천광역시 연수구 송도동 149번지,126.66504510,37.38801421,"3982"
인천광역시 연수구 송도동 149번지,126.66504510,37.38801421,"3982"
인천광역시 연수구 송도동 149번지,126.66504510,37.38801421,"3982"
인천광역시 연수구 송도동 149번지,126.66504510,37.38801421,"3982"
인천광역시 연수구 송도동 149번지,126.66504510,37.38801421,"3982"
인천광역시 연수구 송도동 149번지,126.66504510,37.38801421,"3982"
인천광역시 연수구 송도동 149번지,126.66504510,37.38801421,"3982"
인천광역시 연수구 송도동 149번지,126.66504510,37.38801421,"3982"
인천광역시 연수구 송도동 149번지,126.66504510,37.38801421,"3982"
인천광역시 연수구 송도동 149번지,126.66504510,37.38801421,"3982"
인천광역시 연수구 송도동 149번지,126.66504510,37.38801421,"3982"
인천광역시 연수구 송도동 149번지,126.66504510,37.38801421,"3982"
인천광역시 연수구 송도동 149번지,126.66504510,37.38801421,"3982"
인천광역시 연수구 송도동 149번지,126.66504510,37.38801421,"3982"
인천광역시 연수구 송도동 149번지,126.66504510,37.38801421,"3982"
인천광역시 연수구 송도동 149번지,126.66504510,37.38801421,"3982"
인천광역시 연수구 송도동 149번지,126.66504510,37.38801421,"3982"
인천광역시 연수구 송도동 149번지,126.66504510,37.38801421,"3982"
인천광역시 연수구 송도동 149번지,126.66504510,37.38801421,"3982"
인천광역시 연수구 송도동 149번지,126.66504510,37.38801421,"3982"
인천광역시 연수구 송도동 149번지,126.66504510,37.38801421,"3982"
인천광역시 연수구 송도동 149번지,126.66504510,37.38801421,"3982"
인천광역시 연수구 송도동 149번지,126.66504510,37.38801421,"3982"
인천광역시 연수구 송도동 149번지,126.66504510,37.38801421,"3982"
인천광역시 연수구 송도동 149번지,126.66504510,37.38801421,"3982"
인천광역시 연수구 송도동 149번지,126.66504510,37.38801421,"3982"
인천광역시 연수구 송도동 149번지,126.66504510,37.38801421,"3982"
인천광역시 연수구 송도동 149번지,126.66504510,37.38801421,"3982"
인천광역시 연수구 송도동 149번지,126.66504510,37.38801421,"3982"
인천광역시 연수구 송도동 149번지,126.66504510,37.38801421,"3982"
인천광역시 연수구 송도동 149번지,126.66504510,37.38801421,"3982"
인천광역시 연수구 송도동 149번지,126.66504510,37.38801421,"3982"
인천광역시 연수구 송도동 149번지,126.66504510,37.38801421,"3982"
인천광역시 연수구 송도동 15-10번지,126.65066810,37.39998469,"0"
인천광역시 연수구 송도동 15-10번지,126.65066810,37.39998469,"0"
인천광역시 연수구 송도동 15-10번지,126.65066810,37.39998469,"0"
인천광역시 연수구 송도동 15-10번지,126.65066810,37.39998469,"597"
인천광역시 연수구 송도동 15-11번지,126.65151620,37.39934408,"0"
인천광역시 연수구 송도동 15-11번지,126.65151620,37.39934408,"0"
인천광역시 연수구 송도동 15-11번지,126.65151620,37.39934408,"0"
인천광역시 연수구 송도동 15-12번지,126.65221450,37.39882217,"0"
인천광역시 연수구 송도동 15-12번지,126.65221450,37.39882217,"0"
인천광역시 연수구 송도동 15-12번지,126.65221450,37.39882217,"0"
인천광역시 연수구 송도동 15-2번지,126.64452410,37.40452811,"0"
인천광역시 연수구 송도동 15-2번지,126.64452410,37.40452811,"0"
인천광역시 연수구 송도동 15-2번지,126.64452410,37.40452811,"0"
인천광역시 연수구 송도동 15-2번지,126.64452410,37.40452811,"0"
인천광역시 연수구 송도동 15-2번지,126.64452410,37.40452811,"0"
인천광역시 연수구 송도동 15-2번지,126.64452410,37.40452811,"0"
인천광역시 연수구 송도동 15-2번지,126.64452410,37.40452811,"0"
인천광역시 연수구 송도동 15-2번지,126.64452410,37.40452811,"0"
인천광역시 연수구 송도동 15-2번지,126.64452410,37.40452811,"0"
인천광역시 연수구 송도동 15-2번지,126.64452410,37.40452811,"0"
인천광역시 연수구 송도동 15-2번지,126.64452410,37.40452811,"0"
인천광역시 연수구 송도동 15-2번지,126.64452410,37.40452811,"0"
인천광역시 연수구 송도동 15-2번지,126.64452410,37.40452811,"0"
인천광역시 연수구 송도동 15-2번지,126.64452410,37.40452811,"0"
인천광역시 연수구 송도동 15-2번지,126.64452410,37.40452811,"0"
인천광역시 연수구 송도동 15-2번지,126.64452410,37.40452811,"0"
인천광역시 연수구 송도동 15-2번지,126.64452410,37.40452811,"0"
인천광역시 연수구 송도동 15-2번지,126.64452410,37.40452811,"0"
인천광역시 연수구 송도동 15-2번지,126.64452410,37.40452811,"0"
인천광역시 연수구 송도동 15-2번지,126.64452410,37.40452811,"0"
인천광역시 연수구 송도동 15-3번지,126.64583090,37.40345122,"66"
인천광역시 연수구 송도동 15-3번지,126.64583090,37.40345122,"0"
인천광역시 연수구 송도동 15-3번지,126.64583090,37.40345122,"66"
인천광역시 연수구 송도동 15-3번지,126.64583090,37.40345122,"0"
인천광역시 연수구 송도동 15-4번지,126.64658050,37.40293749,"64"
인천광역시 연수구 송도동 15-5번지,126.64738350,37.40237510,"67"
인천광역시 연수구 송도동 15-5번지,126.64738350,37.40237510,"0"
인천광역시 연수구 송도동 15-6번지,126.64850440,37.40157777,"121"
인천광역시 연수구 송도동 15-8번지,126.65022500,37.40088501,"10"
인천광역시 연수구 송도동 150번지,126.66745700,37.38701312,"0"
인천광역시 연수구 송도동 150번지,126.66745700,37.38701312,"0"
인천광역시 연수구 송도동 150번지,126.66745700,37.38701312,"0"
인천광역시 연수구 송도동 150번지,126.66745700,37.38701312,"0"
인천광역시 연수구 송도동 150번지,126.66745700,37.38701312,"0"
인천광역시 연수구 송도동 150번지,126.66745700,37.38701312,"0"
인천광역시 연수구 송도동 150번지,126.66745700,37.38701312,"0"
인천광역시 연수구 송도동 150번지,126.66745700,37.38701312,"0"
인천광역시 연수구 송도동 150번지,126.66745700,37.38701312,"0"
인천광역시 연수구 송도동 150번지,126.66745700,37.38701312,"0"
인천광역시 연수구 송도동 150번지,126.66745700,37.38701312,"0"
인천광역시 연수구 송도동 150번지,126.66745700,37.38701312,"0"
인천광역시 연수구 송도동 155번지,126.66219440,37.38503860,"0"
인천광역시 연수구 송도동 155번지,126.66219440,37.38503860,"0"
인천광역시 연수구 송도동 155번지,126.66219440,37.38503860,"0"
인천광역시 연수구 송도동 155번지,126.66219440,37.38503860,"0"
인천광역시 연수구 송도동 155번지,126.66219440,37.38503860,"0"
인천광역시 연수구 송도동 155번지,126.66219440,37.38503860,"0"
인천광역시 연수구 송도동 155번지,126.66219440,37.38503860,"0"
인천광역시 연수구 송도동 155번지,126.66219440,37.38503860,"0"
인천광역시 연수구 송도동 155번지,126.66219440,37.38503860,"0"
인천광역시 연수구 송도동 157번지,126.66451390,37.38394124,"0"
인천광역시 연수구 송도동 157번지,126.66451390,37.38394124,"0"
인천광역시 연수구 송도동 157번지,126.66451390,37.38394124,"0"
인천광역시 연수구 송도동 157번지,126.66451390,37.38394124,"0"
인천광역시 연수구 송도동 157번지,126.66451390,37.38394124,"0"
인천광역시 연수구 송도동 157번지,126.66451390,37.38394124,"0"
인천광역시 연수구 송도동 157번지,126.66451390,37.38394124,"0"
인천광역시 연수구 송도동 157번지,126.66451390,37.38394124,"0"
인천광역시 연수구 송도동 157번지,126.66451390,37.38394124,"0"
인천광역시 연수구 송도동 157번지,126.66451390,37.38394124,"0"
인천광역시 연수구 송도동 157번지,126.66451390,37.38394124,"0"
인천광역시 연수구 송도동 157번지,126.66451390,37.38394124,"0"
인천광역시 연수구 송도동 158-4번지,126.66047230,37.38384424,"0"
인천광역시 연수구 송도동 158-4번지,126.66047230,37.38384424,"8"
인천광역시 연수구 송도동 159-1번지,126.66255270,37.38304599,"11"
인천광역시 연수구 송도동 16-3번지,126.64159290,37.40323427,"32"
인천광역시 연수구 송도동 16-4번지,126.64316080,37.40306589,"0"
인천광역시 연수구 송도동 16-4번지,126.64316080,37.40306589,"0"
인천광역시 연수구 송도동 16-4번지,126.64316080,37.40306589,"0"
인천광역시 연수구 송도동 16-4번지,126.64316080,37.40306589,"0"
인천광역시 연수구 송도동 16-4번지,126.64316080,37.40306589,"0"
인천광역시 연수구 송도동 16-4번지,126.64316080,37.40306589,"0"
인천광역시 연수구 송도동 16-4번지,126.64316080,37.40306589,"0"
인천광역시 연수구 송도동 16-4번지,126.64316080,37.40306589,"0"
인천광역시 연수구 송도동 16-4번지,126.64316080,37.40306589,"0"
인천광역시 연수구 송도동 16-4번지,126.64316080,37.40306589,"0"
인천광역시 연수구 송도동 16-4번지,126.64316080,37.40306589,"0"
인천광역시 연수구 송도동 16-4번지,126.64316080,37.40306589,"0"
인천광역시 연수구 송도동 16-4번지,126.64316080,37.40306589,"0"
인천광역시 연수구 송도동 16-4번지,126.64316080,37.40306589,"0"
인천광역시 연수구 송도동 16-4번지,126.64316080,37.40306589,"0"
인천광역시 연수구 송도동 16-4번지,126.64316080,37.40306589,"0"
인천광역시 연수구 송도동 16-4번지,126.64316080,37.40306589,"0"
인천광역시 연수구 송도동 16-4번지,126.64316080,37.40306589,"0"
인천광역시 연수구 송도동 16-4번지,126.64316080,37.40306589,"0"
인천광역시 연수구 송도동 16-4번지,126.64316080,37.40306589,"0"
인천광역시 연수구 송도동 16-6번지,126.64476800,37.40190550,"0"
인천광역시 연수구 송도동 16-6번지,126.64476800,37.40190550,"0"
인천광역시 연수구 송도동 16-6번지,126.64476800,37.40190550,"0"
인천광역시 연수구 송도동 16-6번지,126.64476800,37.40190550,"0"
인천광역시 연수구 송도동 16-6번지,126.64476800,37.40190550,"0"
인천광역시 연수구 송도동 16-6번지,126.64476800,37.40190550,"0"
인천광역시 연수구 송도동 16-6번지,126.64476800,37.40190550,"0"
인천광역시 연수구 송도동 16-6번지,126.64476800,37.40190550,"0"
인천광역시 연수구 송도동 16-6번지,126.64476800,37.40190550,"0"
인천광역시 연수구 송도동 16-6번지,126.64476800,37.40190550,"0"
인천광역시 연수구 송도동 16-6번지,126.64476800,37.40190550,"0"
인천광역시 연수구 송도동 16-6번지,126.64476800,37.40190550,"0"
인천광역시 연수구 송도동 16-6번지,126.64476800,37.40190550,"0"
인천광역시 연수구 송도동 16-6번지,126.64476800,37.40190550,"0"
인천광역시 연수구 송도동 16-6번지,126.64476800,37.40190550,"0"
인천광역시 연수구 송도동 16-6번지,126.64476800,37.40190550,"0"
인천광역시 연수구 송도동 16-6번지,126.64476800,37.40190550,"0"
인천광역시 연수구 송도동 16-6번지,126.64476800,37.40190550,"0"
인천광역시 연수구 송도동 16-6번지,126.64476800,37.40190550,"0"
인천광역시 연수구 송도동 16-6번지,126.64476800,37.40190550,"6"
인천광역시 연수구 송도동 16-7번지,126.64639560,37.40079483,"0"
인천광역시 연수구 송도동 16-7번지,126.64639560,37.40079483,"0"
인천광역시 연수구 송도동 16-7번지,126.64639560,37.40079483,"0"
인천광역시 연수구 송도동 16-7번지,126.64639560,37.40079483,"0"
인천광역시 연수구 송도동 16-7번지,126.64639560,37.40079483,"0"
인천광역시 연수구 송도동 16-7번지,126.64639560,37.40079483,"0"
인천광역시 연수구 송도동 16-7번지,126.64639560,37.40079483,"0"
인천광역시 연수구 송도동 16-7번지,126.64639560,37.40079483,"0"
인천광역시 연수구 송도동 16-7번지,126.64639560,37.40079483,"0"
인천광역시 연수구 송도동 16-7번지,126.64639560,37.40079483,"0"
인천광역시 연수구 송도동 16-7번지,126.64639560,37.40079483,"0"
인천광역시 연수구 송도동 16-7번지,126.64639560,37.40079483,"0"
인천광역시 연수구 송도동 16-7번지,126.64639560,37.40079483,"0"
인천광역시 연수구 송도동 16-7번지,126.64639560,37.40079483,"0"
인천광역시 연수구 송도동 16-7번지,126.64639560,37.40079483,"0"
인천광역시 연수구 송도동 16-7번지,126.64639560,37.40079483,"0"
인천광역시 연수구 송도동 16-7번지,126.64639560,37.40079483,"0"
인천광역시 연수구 송도동 16-8번지,126.64804790,37.39970708,"0"
인천광역시 연수구 송도동 16-8번지,126.64804790,37.39970708,"0"
인천광역시 연수구 송도동 16-8번지,126.64804790,37.39970708,"0"
인천광역시 연수구 송도동 16-8번지,126.64804790,37.39970708,"0"
인천광역시 연수구 송도동 16-8번지,126.64804790,37.39970708,"0"
인천광역시 연수구 송도동 16-8번지,126.64804790,37.39970708,"0"
인천광역시 연수구 송도동 16-8번지,126.64804790,37.39970708,"0"
인천광역시 연수구 송도동 16-8번지,126.64804790,37.39970708,"0"
인천광역시 연수구 송도동 16-8번지,126.64804790,37.39970708,"0"
인천광역시 연수구 송도동 16-8번지,126.64804790,37.39970708,"0"
인천광역시 연수구 송도동 16-8번지,126.64804790,37.39970708,"0"
인천광역시 연수구 송도동 16-8번지,126.64804790,37.39970708,"0"
인천광역시 연수구 송도동 16-8번지,126.64804790,37.39970708,"0"
인천광역시 연수구 송도동 16-8번지,126.64804790,37.39970708,"0"
인천광역시 연수구 송도동 16-8번지,126.64804790,37.39970708,"0"
인천광역시 연수구 송도동 16-8번지,126.64804790,37.39970708,"0"
인천광역시 연수구 송도동 160-1번지,126.66978400,37.38648119,"54"
인천광역시 연수구 송도동 161-1번지,126.67228470,37.38544106,"61"
인천광역시 연수구 송도동 161-3번지,126.67499440,37.38441634,"0"
인천광역시 연수구 송도동 161-3번지,126.67499440,37.38441634,"0"
인천광역시 연수구 송도동 161-3번지,126.67499440,37.38441634,"0"
인천광역시 연수구 송도동 161-3번지,126.67499440,37.38441634,"0"
인천광역시 연수구 송도동 161-3번지,126.67499440,37.38441634,"0"
인천광역시 연수구 송도동 161-3번지,126.67499440,37.38441634,"0"
인천광역시 연수구 송도동 161-3번지,126.67499440,37.38441634,"0"
인천광역시 연수구 송도동 161-3번지,126.67499440,37.38441634,"0"
인천광역시 연수구 송도동 161-3번지,126.67499440,37.38441634,"0"
인천광역시 연수구 송도동 161-3번지,126.67499440,37.38441634,"0"
인천광역시 연수구 송도동 161-3번지,126.67499440,37.38441634,"0"
인천광역시 연수구 송도동 161-3번지,126.67499440,37.38441634,"0"
인천광역시 연수구 송도동 161-3번지,126.67499440,37.38441634,"0"
인천광역시 연수구 송도동 161-3번지,126.67499440,37.38441634,"0"
인천광역시 연수구 송도동 161-3번지,126.67499440,37.38441634,"0"
인천광역시 연수구 송도동 161-3번지,126.67499440,37.38441634,"0"
인천광역시 연수구 송도동 161-3번지,126.67499440,37.38441634,"0"
인천광역시 연수구 송도동 161-3번지,126.67499440,37.38441634,"0"
인천광역시 연수구 송도동 161-3번지,126.67499440,37.38441634,"0"
인천광역시 연수구 송도동 161-3번지,126.67499440,37.38441634,"0"
인천광역시 연수구 송도동 162-1번지,126.67259560,37.38200649,"0"
인천광역시 연수구 송도동 162-1번지,126.67259560,37.38200649,"0"
인천광역시 연수구 송도동 162-1번지,126.67259560,37.38200649,"0"
인천광역시 연수구 송도동 162-1번지,126.67259560,37.38200649,"0"
인천광역시 연수구 송도동 162-1번지,126.67259560,37.38200649,"0"
인천광역시 연수구 송도동 162-1번지,126.67259560,37.38200649,"0"
인천광역시 연수구 송도동 162-1번지,126.67259560,37.38200649,"0"
인천광역시 연수구 송도동 162-1번지,126.67259560,37.38200649,"0"
인천광역시 연수구 송도동 162-1번지,126.67259560,37.38200649,"0"
인천광역시 연수구 송도동 162-1번지,126.67259560,37.38200649,"0"
인천광역시 연수구 송도동 162-1번지,126.67259560,37.38200649,"0"
인천광역시 연수구 송도동 162-1번지,126.67259560,37.38200649,"0"
인천광역시 연수구 송도동 162-1번지,126.67259560,37.38200649,"0"
인천광역시 연수구 송도동 162-1번지,126.67259560,37.38200649,"0"
인천광역시 연수구 송도동 162-1번지,126.67259560,37.38200649,"0"
인천광역시 연수구 송도동 162-1번지,126.67259560,37.38200649,"0"
인천광역시 연수구 송도동 162-1번지,126.67259560,37.38200649,"0"
인천광역시 연수구 송도동 162-1번지,126.67259560,37.38200649,"0"
인천광역시 연수구 송도동 162-1번지,126.67259560,37.38200649,"0"
인천광역시 연수구 송도동 162-1번지,126.67259560,37.38200649,"0"
인천광역시 연수구 송도동 162-1번지,126.67259560,37.38200649,"10"
인천광역시 연수구 송도동 162-2번지,126.66899010,37.38579443,"0"
인천광역시 연수구 송도동 162-2번지,126.66899010,37.38579443,"57"
인천광역시 연수구 송도동 162-3번지,126.66601670,37.38269550,"73"
인천광역시 연수구 송도동 168-1번지,126.65853550,37.38236418,"2117"
인천광역시 연수구 송도동 168-2번지,126.65664080,37.38089269,"431"
인천광역시 연수구 송도동 168-3번지,126.65639330,37.38011135,"721"
인천광역시 연수구 송도동 17-1번지,126.64029030,37.40228305,"293"
인천광역시 연수구 송도동 17-3번지,126.64147730,37.40149455,"0"
인천광역시 연수구 송도동 17-3번지,126.64147730,37.40149455,"0"
인천광역시 연수구 송도동 17-3번지,126.64147730,37.40149455,"0"
인천광역시 연수구 송도동 17-3번지,126.64147730,37.40149455,"0"
인천광역시 연수구 송도동 17-3번지,126.64147730,37.40149455,"0"
인천광역시 연수구 송도동 17-3번지,126.64147730,37.40149455,"0"
인천광역시 연수구 송도동 17-3번지,126.64147730,37.40149455,"0"
인천광역시 연수구 송도동 17-3번지,126.64147730,37.40149455,"0"
인천광역시 연수구 송도동 17-3번지,126.64147730,37.40149455,"0"
인천광역시 연수구 송도동 17-3번지,126.64147730,37.40149455,"0"
인천광역시 연수구 송도동 17-3번지,126.64147730,37.40149455,"0"
인천광역시 연수구 송도동 17-3번지,126.64147730,37.40149455,"0"
인천광역시 연수구 송도동 17-3번지,126.64147730,37.40149455,"0"
인천광역시 연수구 송도동 17-3번지,126.64147730,37.40149455,"0"
인천광역시 연수구 송도동 17-3번지,126.64147730,37.40149455,"0"
인천광역시 연수구 송도동 17-3번지,126.64147730,37.40149455,"0"
인천광역시 연수구 송도동 17-3번지,126.64147730,37.40149455,"0"
인천광역시 연수구 송도동 17-3번지,126.64147730,37.40149455,"0"
인천광역시 연수구 송도동 17-3번지,126.64147730,37.40149455,"0"
인천광역시 연수구 송도동 17-3번지,126.64147730,37.40149455,"0"
인천광역시 연수구 송도동 17-3번지,126.64147730,37.40149455,"0"
인천광역시 연수구 송도동 17-3번지,126.64147730,37.40149455,"0"
인천광역시 연수구 송도동 17-3번지,126.64147730,37.40149455,"0"
인천광역시 연수구 송도동 17-3번지,126.64147730,37.40149455,"0"
인천광역시 연수구 송도동 17-4번지,126.64392150,37.39982058,"0"
인천광역시 연수구 송도동 17-4번지,126.64392150,37.39982058,"0"
인천광역시 연수구 송도동 17-4번지,126.64392150,37.39982058,"0"
인천광역시 연수구 송도동 17-4번지,126.64392150,37.39982058,"0"
인천광역시 연수구 송도동 17-4번지,126.64392150,37.39982058,"0"
인천광역시 연수구 송도동 17-4번지,126.64392150,37.39982058,"0"
인천광역시 연수구 송도동 17-5번지,126.64633290,37.39817342,"0"
인천광역시 연수구 송도동 17-5번지,126.64633290,37.39817342,"0"
인천광역시 연수구 송도동 17-5번지,126.64633290,37.39817342,"0"
인천광역시 연수구 송도동 17-5번지,126.64633290,37.39817342,"0"
인천광역시 연수구 송도동 17-5번지,126.64633290,37.39817342,"0"
인천광역시 연수구 송도동 17-5번지,126.64633290,37.39817342,"0"
인천광역시 연수구 송도동 17-5번지,126.64633290,37.39817342,"0"
인천광역시 연수구 송도동 17-5번지,126.64633290,37.39817342,"0"
인천광역시 연수구 송도동 17-5번지,126.64633290,37.39817342,"0"
인천광역시 연수구 송도동 17-5번지,126.64633290,37.39817342,"0"
인천광역시 연수구 송도동 17-5번지,126.64633290,37.39817342,"0"
인천광역시 연수구 송도동 17-5번지,126.64633290,37.39817342,"0"
인천광역시 연수구 송도동 17-5번지,126.64633290,37.39817342,"0"
인천광역시 연수구 송도동 17-5번지,126.64633290,37.39817342,"0"
인천광역시 연수구 송도동 170-1번지,126.65915690,37.38088017,"912"
인천광역시 연수구 송도동 172-1번지,126.66228960,37.38179960,"625"
인천광역시 연수구 송도동 172-3번지,126.66409760,37.38105987,"193"
인천광역시 연수구 송도동 173-1번지,126.66219900,37.38117970,"94"
인천광역시 연수구 송도동 173-3번지,126.66369140,37.38027078,"143"
인천광역시 연수구 송도동 173-4번지,126.66270830,37.38086985,"145"
인천광역시 연수구 송도동 174-1번지,126.66079840,37.38104324,"253"
인천광역시 연수구 송도동 174-3번지,126.66008750,37.38029975,"297"
인천광역시 연수구 송도동 175-1번지,126.66189280,37.38041806,"151"
인천광역시 연수구 송도동 176-1번지,126.66108660,37.37969139,"322"
인천광역시 연수구 송도동 176-5번지,126.66281660,37.37863769,"667"
인천광역시 연수구 송도동 179-1번지,126.66486910,37.37856679,"96"
인천광역시 연수구 송도동 18-10번지,126.64508260,37.39644573,"0"
인천광역시 연수구 송도동 18-10번지,126.64508260,37.39644573,"0"
인천광역시 연수구 송도동 18-10번지,126.64508260,37.39644573,"0"
인천광역시 연수구 송도동 18-10번지,126.64508260,37.39644573,"0"
인천광역시 연수구 송도동 18-10번지,126.64508260,37.39644573,"0"
인천광역시 연수구 송도동 18-10번지,126.64508260,37.39644573,"0"
인천광역시 연수구 송도동 18-10번지,126.64508260,37.39644573,"0"
인천광역시 연수구 송도동 18-10번지,126.64508260,37.39644573,"0"
인천광역시 연수구 송도동 18-10번지,126.64508260,37.39644573,"0"
인천광역시 연수구 송도동 18-1번지,126.63872890,37.40082401,"289"
인천광역시 연수구 송도동 18-4번지,126.63935780,37.40010721,"55"
인천광역시 연수구 송도동 18-5번지,126.64024000,37.39976000,"0"
인천광역시 연수구 송도동 18-5번지,126.64024000,37.39976000,"0"
인천광역시 연수구 송도동 18-5번지,126.64024000,37.39976000,"0"
인천광역시 연수구 송도동 18-5번지,126.64024000,37.39976000,"0"
인천광역시 연수구 송도동 18-5번지,126.64024000,37.39976000,"0"
인천광역시 연수구 송도동 18-5번지,126.64024000,37.39976000,"0"
인천광역시 연수구 송도동 18-5번지,126.64024000,37.39976000,"0"
인천광역시 연수구 송도동 18-5번지,126.64024000,37.39976000,"0"
인천광역시 연수구 송도동 18-5번지,126.64024000,37.39976000,"0"
인천광역시 연수구 송도동 18-5번지,126.64024000,37.39976000,"0"
인천광역시 연수구 송도동 18-5번지,126.64024000,37.39976000,"0"
인천광역시 연수구 송도동 18-5번지,126.64024000,37.39976000,"0"
인천광역시 연수구 송도동 18-5번지,126.64024000,37.39976000,"0"
인천광역시 연수구 송도동 18-6번지,126.64147260,37.39891383,"0"
인천광역시 연수구 송도동 18-6번지,126.64147260,37.39891383,"0"
인천광역시 연수구 송도동 18-6번지,126.64147260,37.39891383,"0"
인천광역시 연수구 송도동 18-6번지,126.64147260,37.39891383,"0"
인천광역시 연수구 송도동 18-6번지,126.64147260,37.39891383,"0"
인천광역시 연수구 송도동 18-6번지,126.64147260,37.39891383,"0"
인천광역시 연수구 송도동 18-6번지,126.64147260,37.39891383,"0"
인천광역시 연수구 송도동 18-6번지,126.64147260,37.39891383,"0"
인천광역시 연수구 송도동 18-6번지,126.64147260,37.39891383,"0"
인천광역시 연수구 송도동 18-6번지,126.64147260,37.39891383,"0"
인천광역시 연수구 송도동 18-6번지,126.64147260,37.39891383,"0"
인천광역시 연수구 송도동 18-6번지,126.64147260,37.39891383,"0"
인천광역시 연수구 송도동 18-6번지,126.64147260,37.39891383,"0"
인천광역시 연수구 송도동 18-6번지,126.64147260,37.39891383,"0"
인천광역시 연수구 송도동 18-6번지,126.64147260,37.39891383,"0"
인천광역시 연수구 송도동 18-6번지,126.64147260,37.39891383,"0"
인천광역시 연수구 송도동 18-6번지,126.64147260,37.39891383,"0"
인천광역시 연수구 송도동 18-6번지,126.64147260,37.39891383,"0"
인천광역시 연수구 송도동 18-6번지,126.64147260,37.39891383,"0"
인천광역시 연수구 송도동 18-6번지,126.64147260,37.39891383,"0"
인천광역시 연수구 송도동 18-6번지,126.64147260,37.39891383,"0"
인천광역시 연수구 송도동 18-6번지,126.64147260,37.39891383,"0"
인천광역시 연수구 송도동 18-6번지,126.64147260,37.39891383,"0"
인천광역시 연수구 송도동 18-7번지,126.64317990,37.39775222,"0"
인천광역시 연수구 송도동 18-7번지,126.64317990,37.39775222,"0"
인천광역시 연수구 송도동 18-7번지,126.64317990,37.39775222,"0"
인천광역시 연수구 송도동 18-7번지,126.64317990,37.39775222,"0"
